{"cameraMode":{"drawMode":0,"name":"Shaded","section":"Shading Mode"},"sceneLighting":true,"audioPlay":false,"sceneViewState":{"m_AlwaysRefresh":false,"showFog":true,"showSkybox":true,"showFlares":true,"showImageEffects":true,"showParticleSystems":true,"showVisualEffectGraphs":true,"m_FxEnabled":true},"in2DMode":false,"pivot":{"x":-4.30090856552124,"y":0.6204535961151123,"z":3.1230382919311525},"rotation":{"x":0.09144484996795654,"y":-0.07132700830698013,"z":0.006576102692633867,"w":0.9932403564453125},"size":4.899456977844238,"orthographic":false}